date,px_last,px_high,px_low,px_close_1d,volume,aja
2022-01-03,65276.7734375,65276.7734375,65276.7734375,65276.7734375,118,50003.390625
2022-01-04,65555.734375,66020.6640625,65555.734375,65555.734375,1822,50217.09375
2022-01-05,65555.734375,65555.734375,65555.734375,65555.734375,186,50217.09375
2022-01-06,65379.05859375,66020.6640625,65379.05859375,65379.05859375,2790,50081.75390625
2022-01-07,67322.484375,67322.484375,67322.484375,67322.484375,654,51570.4453125
2022-01-10,67322.484375,67322.484375,67322.484375,67322.484375,0,51570.4453125
2022-01-11,68810.2734375,68810.2734375,67368.9765625,68810.2734375,9494,52710.13671875
2022-01-12,66392.6171875,68810.2734375,66392.6171875,66392.6171875,4959,50858.15234375
2022-01-13,66401.9140625,67415.46875,66401.9140625,66401.9140625,5476,50865.2890625
2022-01-14,65816.09375,67861.8046875,65816.09375,65816.09375,28733,50416.53125
2022-01-17,65816.09375,65816.09375,65816.09375,65816.09375,0,50416.53125
2022-01-18,65816.09375,65816.09375,65816.09375,65816.09375,0,50416.53125
2022-01-19,65816.09375,65816.09375,65816.09375,65816.09375,0,50416.53125
2022-01-20,70205.078125,71423.203125,70205.078125,70205.078125,23293,53778.5703125
2022-01-21,70670.0078125,71413.90625,69740.140625,70670.0078125,30216,54134.73046875
2022-01-24,70763,70809.4921875,70670.0078125,70763,3569,54205.95703125
2022-01-25,71395.3046875,71395.3046875,70670.0078125,71395.3046875,1630,54690.31640625
2022-01-26,69768.0390625,71413.90625,69768.0390625,69768.0390625,51122,53638.01953125
2022-01-27,70205.078125,70205.078125,69833.125,70205.078125,2116,53974
2022-01-28,70205.078125,70670.0078125,69833.125,70205.078125,10210,53974
2022-01-31,71413.90625,71599.875,71125.6484375,71413.90625,15376,54903.37890625
2022-02-01,72157.796875,72157.796875,71413.90625,72157.796875,10053,55475.2734375
2022-02-02,69768.0390625,71413.90625,69768.0390625,69768.0390625,6533,53638.01953125
2022-02-03,70391.046875,71599.875,69814.53125,70391.046875,2332,54116.98046875
2022-02-04,71581.28125,71581.28125,70391.046875,71581.28125,5942,55032.02734375
2022-02-07,70697.90625,71953.2265625,70670.0078125,70697.90625,47702,54352.90234375
2022-02-08,71116.34375,71134.9453125,70763,71116.34375,17352,54674.5859375
2022-02-09,70911.7734375,70911.7734375,69972.609375,70911.7734375,3938,54517.31640625
2022-02-10,70670.0078125,70967.5703125,70177.1796875,70670.0078125,5399,54331.44140625
2022-02-11,70670.0078125,70670.0078125,69777.3359375,70670.0078125,5673,54331.44140625
2022-02-14,69768.0390625,69842.4296875,69768.0390625,69768.0390625,3798,53638.01953125
2022-02-15,69712.2421875,69740.140625,68931.15625,69712.2421875,1745,53595.125
2022-02-16,69275.2109375,70670.0078125,69275.2109375,69275.2109375,17049,53259.11328125
2022-02-17,70484.0390625,70484.0390625,69554.1640625,70484.0390625,2896,54188.48828125
2022-02-18,70260.8671875,70260.8671875,69749.4375,70260.8671875,1633,54016.89453125
2022-02-21,69712.2421875,69712.2421875,67415.46875,69712.2421875,3959,53595.125
2022-02-22,67945.4921875,68903.2578125,67899,67945.4921875,3301,52236.828125
2022-02-23,69228.7109375,69228.7109375,69107.828125,69228.7109375,1339,53426.625
2022-02-24,68345.3359375,69740.140625,66671.578125,68345.3359375,10652,52744.8984375
2022-02-25,68531.3125,68531.3125,68531.3125,68531.3125,421,52888.42578125
2022-02-28,67127.2109375,67880.40625,67024.921875,67127.2109375,14036,51804.828125
2022-03-01,66857.546875,67127.2109375,66671.578125,66857.546875,4292,51596.70703125
2022-03-02,66848.25,66848.25,65927.6796875,66848.25,13500,51589.53515625
2022-03-03,67833.9140625,67871.109375,66950.5390625,67833.9140625,1994,52350.2109375
2022-03-04,67359.6796875,67359.6796875,67359.6796875,67359.6796875,814,51984.23828125
2022-03-07,67833.9140625,67861.8046875,66950.5390625,67833.9140625,2266,52350.2109375
2022-03-08,66950.5390625,67833.9140625,66122.953125,66950.5390625,12896,51668.48046875
2022-03-09,67778.1171875,67880.40625,66206.640625,67778.1171875,8808,52307.15234375
2022-03-10,66299.625,66299.625,66299.625,66299.625,549256760,51166.1484375
2022-03-11,66299.625,66299.625,65202.3828125,66299.625,7731,51166.1484375
2022-03-14,66857.546875,66950.5390625,66857.546875,66857.546875,22633,51596.70703125
2022-03-15,66476.3046875,66485.6015625,66476.3046875,66476.3046875,2290,51302.49609375
2022-03-16,65220.98046875,66113.65625,65220.98046875,65220.98046875,14723,50333.703125
2022-03-17,63751.7890625,65220.98046875,63463.52734375,63751.7890625,13019,49199.87109375
2022-03-18,63417.03515625,64244.6171875,63231.0625,63417.03515625,27345,48941.53515625
2022-03-21,63417.03515625,63417.03515625,63417.03515625,63417.03515625,0,48941.53515625
2022-03-22,63417.03515625,63417.03515625,63417.03515625,63417.03515625,0,48941.53515625
2022-03-23,63417.03515625,63417.03515625,63417.03515625,63417.03515625,0,48941.53515625
2022-03-24,63417.03515625,63417.03515625,63417.03515625,63417.03515625,0,48941.53515625
2022-03-25,63417.03515625,63417.03515625,63417.03515625,63417.03515625,0,48941.53515625
2022-03-28,63417.03515625,63417.03515625,63417.03515625,63417.03515625,0,48941.53515625
2022-03-29,63417.03515625,63417.03515625,63417.03515625,63417.03515625,0,48941.53515625
2022-03-30,63417.03515625,63417.03515625,63417.03515625,63417.03515625,0,48941.53515625
2022-03-31,46167.97265625,47423.296875,46074.98828125,46167.97265625,24658,35629.71484375
2022-04-01,46679.40234375,46679.40234375,46307.453125,46679.40234375,77150,36024.4140625
2022-04-04,46679.40234375,46679.40234375,46679.40234375,46679.40234375,0,36024.4140625
2022-04-05,47516.28125,49980.43359375,47144.3359375,47516.28125,70675,36670.26171875
2022-04-06,49283.03515625,49283.03515625,47330.30859375,49283.03515625,20630,38033.734375
2022-04-07,49283.03515625,49283.03515625,48464.75,49283.03515625,101850,38033.734375
2022-04-08,49283.03515625,49283.03515625,48455.44921875,49283.03515625,153854,38033.734375
2022-04-11,49840.953125,49840.953125,49366.72265625,49840.953125,5526,38464.30859375
2022-04-12,50956.796875,51142.76953125,50203.6015625,50956.796875,28837,39325.4609375
2022-04-13,48446.15234375,49292.33203125,48446.15234375,48446.15234375,2778,37387.88671875
2022-04-14,48446.15234375,48446.15234375,48446.15234375,48446.15234375,0,37387.88671875
2022-04-15,48446.15234375,48446.15234375,48446.15234375,48446.15234375,0,37387.88671875
2022-04-18,48715.8125,49422.515625,48715.8125,48715.8125,11021,37596
2022-04-19,48632.125,48641.42578125,48632.125,48632.125,2574,37531.40234375
2022-04-20,48818.09765625,50203.6015625,48632.125,48818.09765625,9573,37674.92578125
2022-04-21,48446.15234375,48641.42578125,48446.15234375,48446.15234375,4570,37387.88671875
2022-04-22,48241.58203125,48353.1640625,47813.83984375,48241.58203125,34350,37230.015625
2022-04-25,46958.36328125,47795.2421875,46958.36328125,46958.36328125,21745,36239.69921875
2022-04-26,47888.23046875,48157.890625,47060.6484375,47888.23046875,26751,36957.3203125
2022-04-27,46595.71484375,47795.2421875,46493.4296875,46595.71484375,17884,35959.8203125
2022-04-28,46930.46484375,46949.0625,46493.4296875,46930.46484375,16363,36218.1640625
2022-04-29,46930.46484375,46949.0625,46493.4296875,46930.46484375,16363,36218.1640625
2022-05-02,46865.375,46865.375,46493.4296875,46865.375,7462,36167.9375
2022-05-03,45758.83203125,46493.4296875,45563.55859375,45758.83203125,54660,35313.96875
2022-05-04,45554.26171875,46028.4921875,45154.41796875,45554.26171875,16024,35156.08984375
2022-05-05,45303.1953125,45563.55859375,45210.2109375,45303.1953125,6981,34962.3359375
2022-05-06,45303.1953125,45972.703125,45284.59765625,45303.1953125,86301,34962.3359375
2022-05-09,44633.69140625,45284.59765625,43703.8203125,44633.69140625,33122,34445.64453125
2022-05-10,45554.26171875,45554.26171875,42773.953125,45554.26171875,9077,35156.08984375
2022-05-11,45517.06640625,45517.06640625,43062.2109375,45517.06640625,5273,35127.39453125
2022-05-12,44633.69140625,46028.4921875,43834.00390625,44633.69140625,9407,34445.64453125
2022-05-13,45098.625,46400.44140625,44642.98828125,45098.625,20215,34804.46484375
2022-05-16,48250.87890625,48353.1640625,46121.48046875,48250.87890625,36560,37237.17578125
2022-05-17,48632.125,48632.125,47981.21875,48632.125,26796,37531.40234375
2022-05-18,49283.03515625,49376.01953125,48353.1640625,49283.03515625,14307,38033.734375
2022-05-19,47423.296875,49320.2265625,47246.62109375,47423.296875,25104,36598.5078125
2022-05-20,49283.03515625,49283.03515625,47888.23046875,49283.03515625,887,38033.734375
2022-05-23,48362.46484375,49273.734375,48362.46484375,48362.46484375,2070,37323.3046875
2022-05-24,47953.3203125,48818.09765625,47702.2578125,47953.3203125,17748,37007.5390625
2022-05-25,47934.72265625,48111.3984375,47934.72265625,47934.72265625,21409,36993.1953125
2022-05-26,49645.68359375,49645.68359375,48353.1640625,49645.68359375,27346,38313.61328125
2022-05-27,49747.96875,49747.96875,49469.0078125,49747.96875,6454,38392.55078125
2022-05-30,49747.96875,49747.96875,49747.96875,49747.96875,0,38392.55078125
2022-05-31,52928.1171875,52928.1171875,50026.9296875,52928.1171875,183588,40846.80859375
2022-06-01,54862.24609375,55327.1796875,52937.41796875,54862.24609375,18050,42339.44921875
2022-06-02,55308.58203125,55308.58203125,53941.67578125,55308.58203125,52709,42683.90625
2022-06-03,56721.98046875,57186.91796875,55308.58203125,56721.98046875,9121,43774.6796875
2022-06-06,58581.71875,59139.640625,55792.11328125,58581.71875,89682,45209.9140625
2022-06-07,58600.31640625,59688.26171875,57651.8515625,58600.31640625,25478,45224.27734375
2022-06-08,58386.4453125,58488.73046875,58107.484375,58386.4453125,11969,45059.21875
2022-06-09,57837.82421875,57847.12109375,57586.7578125,57837.82421875,9177,44635.82421875
2022-06-10,57456.578125,57744.8359375,56907.95703125,57456.578125,12289,44341.60546875
2022-06-13,57186.91796875,57186.91796875,57186.91796875,57186.91796875,17533,44133.49609375
2022-06-14,54908.73828125,57186.91796875,54053.2578125,54908.73828125,25044,42375.328125
2022-06-15,49757.265625,57186.91796875,49757.265625,49757.265625,13177,38399.73046875
2022-06-16,49757.265625,49757.265625,49757.265625,49757.265625,126,38399.73046875
2022-06-17,51272.953125,57140.421875,51272.953125,51272.953125,8536,39569.44140625
2022-06-20,51272.953125,51272.953125,51272.953125,51272.953125,0,39569.44140625
2022-06-21,52660,53500,51120,52660,26739,43468.0703125
2022-06-22,52660,53200,52000,52660,12813,43468.0703125
2022-06-23,50000,52660,50000,50000,31241,41272.3828125
2022-06-24,50000,52000,50000,50000,12423,41272.3828125
2022-06-27,50000,50000,50000,50000,0,41272.3828125
2022-06-28,50000,50000,50000,50000,0,41272.3828125
2022-06-29,50000,50000,50000,50000,0,41272.3828125
2022-06-30,46000,47860,46000,46000,26454,37970.5859375
2022-07-01,46600,47000,45990,46600,15618,38465.8515625
2022-07-04,46600,46600,46600,46600,0,38465.8515625
2022-07-05,46000,46800,46000,46000,4837,37970.5859375
2022-07-06,46000,46800,46000,46000,4837,37970.5859375
2022-07-07,46920,46920,45210,46920,21421,38730.00390625
2022-07-08,46450,46450,46100,46450,8550,38342.0546875
2022-07-11,46200,46510,46000,46200,11165,38135.671875
2022-07-12,45950,46000,45600,45950,14049,37929.3203125
2022-07-13,45450,45950,45400,45450,6697,37516.5859375
2022-07-14,43480,45020,42000,43480,24986,35890.46484375
2022-07-15,40600,42540,40010,40600,20277,33513.171875
2022-07-18,41400,41990,40000,41400,27607,34173.53125
2022-07-19,41500,42000,41400,41500,11749,34256.078125
2022-07-20,41500,41500,41500,41500,0,34256.078125
2022-07-21,42000,42560,40810,42000,8499,34668.79296875
2022-07-22,42000,42000,42000,42000,1482,34668.79296875
2022-07-25,41400,41400,41400,41400,706,34173.53125
2022-07-26,41400,41400,41400,41400,600,34173.53125
2022-07-27,41400,41400,41400,41400,1630,34173.53125
2022-07-28,42000,42000,41990,42000,4014,34668.79296875
2022-07-29,41500,42000,41490,41500,4418,34256.078125
2022-08-01,41790,41790,40500,41790,48034,34495.45703125
2022-08-02,41790,41790,41790,41790,447,34495.45703125
2022-08-03,40860,41000,40850,40860,3403,33727.78515625
2022-08-04,40550,40550,40550,40550,2414,33471.890625
2022-08-05,41700,41700,41600,41700,774,34421.1484375
2022-08-08,43470,43470,41700,43470,17844,35882.2109375
2022-08-09,43440,43470,42100,43440,4598,35857.44921875
2022-08-10,42600,42600,41510,42600,3968,35164.05859375
2022-08-11,42000,42980,41030,42000,5535,34668.79296875
2022-08-12,41760,41960,41760,41760,2107,34470.6875
2022-08-15,41760,41760,41760,41760,0,34470.6875
2022-08-16,41760,41760,41760,41760,0,34470.6875
2022-08-17,42600,43470,42060,42600,7172,35164.05859375
2022-08-18,42520,42520,41980,42520,10514,35098.03125
2022-08-19,42000,42000,41000,42000,6636,34668.79296875
2022-08-22,41000,41050,41000,41000,4373,33843.33984375
2022-08-23,39530,41000,37000,39530,5559,32629.9453125
2022-08-24,39400,40000,39400,39400,4389,32522.638671875
2022-08-25,39400,41400,39400,39400,6841,32522.638671875
2022-08-26,40000,40000,39000,40000,2789,33017.91015625
2022-08-29,39900,39900,39900,39900,1345,32935.36328125
2022-08-30,39700,39700,39700,39700,766,32770.26953125
2022-08-31,40000,40000,37250,40000,17558,33017.91015625
2022-09-01,36900,37610,36900,36900,3494,30459.009765625
2022-09-02,39500,39500,39500,39500,996,32605.173828125
2022-09-05,39480,39480,39470,39480,1903,32588.671875
2022-09-06,38000,38010,38000,38000,1061,31367.0078125
2022-09-07,37000,38000,37000,37000,9751,30541.55859375
2022-09-08,36600,36600,36600,36600,1117,30211.375
2022-09-09,36600,36600,36600,36600,601,30211.375
2022-09-12,37000,37000,36640,37000,2403,30541.55859375
2022-09-13,35800,36350,35000,35800,2128,29551.025390625
2022-09-14,35800,35800,35800,35800,622,29551.025390625
2022-09-15,35300,35300,35300,35300,3764,29138.302734375
2022-09-16,33720,35250,33720,33720,50300,27834.091796875
2022-09-19,33720,34880,33000,33720,5743,27834.091796875
2022-09-20,33700,33900,30400,33700,10707,27817.583984375
2022-09-21,32530,33870,32000,32530,6879,26851.8125
2022-09-22,32530,32530,32530,32530,1366,26851.8125
2022-09-23,31250,33400,31250,31250,7506,25795.23828125
2022-09-26,28600,30420,28600,28600,4294,23607.802734375
2022-09-27,28030,30050,28030,28030,8150,23137.294921875
2022-09-28,28800,29800,28500,28800,70145,23772.892578125
2022-09-29,28250,28250,28100,28250,1157,23318.8984375
2022-09-30,28540,28540,28250,28540,1698,23558.2734375
2022-10-03,29670,29670,29670,29670,755,24491.03125
2022-10-04,30510,30510,30510,30510,963,25184.40234375
2022-10-05,30700,30700,30520,30700,2090,25341.244140625
2022-10-06,30700,30700,30700,30700,533,25341.244140625
2022-10-07,30600,30600,30600,30600,584,25258.697265625
2022-10-10,30600,30600,30600,30600,124,25258.697265625
2022-10-11,30600,30600,30600,30600,444,25258.697265625
2022-10-12,30600,30600,30600,30600,520,25258.697265625
2022-10-13,29250,30390,29250,29250,1630,24144.33984375
2022-10-14,30000,30000,29980,30000,916,24763.427734375
2022-10-17,30000,30000,30000,30000,0,24763.427734375
2022-10-18,29220,29230,29200,29220,2033,24119.580078125
2022-10-19,29000,30400,29000,29000,6074,23937.978515625
2022-10-20,29000,30400,29000,29000,6074,23937.978515625
2022-10-21,28500,28500,28500,28500,4739,23525.255859375
2022-10-24,27000,28250,26350,27000,3147,22287.083984375
2022-10-25,26500,27030,26500,26500,5129,21874.361328125
2022-10-26,26540,27300,26540,26540,2354,21907.375
2022-10-27,26000,26520,26000,26000,10997,21461.6328125
2022-10-28,26000,26100,25990,26000,7851,21461.6328125
2022-10-31,26000,26200,25500,26000,3260,21461.6328125
2022-11-01,27000,27940,25500,27000,7876,22287.083984375
2022-11-02,28000,28080,26700,28000,9338,23112.53515625
2022-11-03,27570,28000,27570,27570,3054,22757.587890625
2022-11-04,27310,27980,27000,27310,4532,22542.9765625
2022-11-07,27310,27310,27310,27310,0,22542.9765625
2022-11-08,28400,28400,27350,28400,4588,23442.712890625
2022-11-09,28180,28480,28000,28180,6884,23261.111328125
2022-11-10,29990,29990,28400,29990,18329,24755.171875
2022-11-11,30000,32450,30000,30000,10984,24763.427734375
2022-11-14,30000,30000,30000,30000,0,24763.427734375
2022-11-15,30000,30000,28800,30000,6380,24763.427734375
2022-11-16,30400,30400,29010,30400,8473,25093.609375
2022-11-17,29300,30400,29300,29300,3922,24185.61328125
2022-11-18,30000,30490,29600,30000,5303,24763.427734375
2022-11-21,31000,31000,29990,31000,10071,25588.876953125
2022-11-22,31000,31000,29990,31000,10071,25588.876953125
2022-11-23,31500,31500,31500,31500,1174152400,26001.599609375
2022-11-24,31500,31500,31500,31500,0,26001.599609375
2022-11-25,32500,33980,32500,33980,7693,28048.708984375
2022-11-28,33750,34000,33750,33900,4461,27982.677734375
2022-11-29,33105.8515625,33105.8515625,33105.8515625,33105.8515625,376,27327.146484375
2022-11-30,32990,33000,32000,32000,92272,26414.322265625
2022-12-01,32000,34000,32000,34000,82904,28065.220703125
2022-12-02,34100,35010,33900,33900,13882,27982.677734375
2022-12-05,33839.1484375,33839.1484375,33839.1484375,33839.1484375,164,27932.443359375
2022-12-06,33900,33900,33900,33900,17,27982.677734375
2022-12-07,34000,34000,34000,34000,1188,28065.220703125
2022-12-08,34000,34000,34000,34000,0,28065.220703125
2022-12-09,34000,34000,34000,34000,563,28065.220703125
2022-12-12,33500,33500,33500,33500,920,27652.494140625
2022-12-13,33500,33800,33500,33800,2538,27900.12890625
2022-12-14,33200,33200,30430,31910,27034,26340.037109375
2022-12-15,30600,31950,30600,31950,2274,26373.046875
2022-12-16,31870,32520,31870,32520,9203,26843.556640625
2022-12-19,33790,33990,33790,33990,9455,28056.966796875
2022-12-20,33990,34900,33990,34900,15944,28808.126953125
2022-12-21,34980,37000,34980,37000,6450,30541.55859375
2022-12-22,37000,37000,36900,36900,4990,30459.009765625
2022-12-23,36900,36900,36900,36900,16457,30459.009765625
2022-12-26,36632.609375,36632.609375,36632.609375,36632.609375,552,30238.302734375
2022-12-27,37100,39000,37100,38000,2214,31367.0078125
2022-12-28,38000,40000,38000,40000,7065,33017.91015625
2022-12-29,40000,40000,37000,37000,9941,30541.55859375
2022-12-30,37000,37000,37000,37000,0,30541.55859375
2023-01-02,38504.01171875,38504.01171875,38504.01171875,38504.01171875,424,31783.041015625
2023-01-03,39900,39900,39900,39900,1068,32935.36328125
2023-01-04,39276.62890625,39276.62890625,39276.62890625,39276.62890625,682,32420.796875
2023-01-05,39990,39990,39990,39990,987,33009.65234375
2023-01-06,39900,39900,39900,39900,2279,32935.36328125
2023-01-09,39900,39900,39900,39900,0,32935.36328125
2023-01-10,39600,39600,39600,39600,1086,32687.7265625
2023-01-11,40000,40000,40000,40000,638,33017.91015625
2023-01-12,40000,40000,39100,39100,9650,32274.990234375
2023-01-13,39100,39100,39100,39100,738,32274.990234375
2023-01-16,38530.8984375,38530.8984375,38530.8984375,38530.8984375,145,31805.23828125
2023-01-17,39890,40000,39890,39900,4488,32935.36328125
2023-01-18,41400,41400,37990,40000,5951,33017.91015625
2023-01-19,38692.73046875,38692.73046875,38692.73046875,38692.73046875,275,31938.81640625
2023-01-20,39493.328125,39493.328125,39493.328125,39493.328125,27,32599.677734375
2023-01-23,39870,40000,39870,40000,3640,33017.91015625
2023-01-24,39900,39900,37530,37530,3472,30979.041015625
2023-01-25,38000,38000,36300,36300,8134,29963.744140625
2023-01-26,38490,38490,35860,35860,1141,29600.556640625
2023-01-27,37900,37900,36800,37000,5749,30541.55859375
2023-01-30,37000,37000,35330,35330,4447,29163.060546875
2023-01-31,35460,35510,35420,35420,2624,29237.353515625
2023-02-01,35400,35420,34050,35420,12210,29237.353515625
2023-02-02,36940,36940,36000,36000,1046,29716.1171875
2023-02-03,36500,36500,36500,36500,736,30128.833984375
2023-02-06,35220,36480,35220,36480,1389,30112.337890625
2023-02-07,35120,36100,35000,36000,5290,29716.1171875
2023-02-08,35030,35030,34280,34660,8642,28610.01171875
2023-02-09,34000,34000,33700,33700,2702,27817.583984375
2023-02-10,33000,33000,33000,33000,749,27239.76953125
2023-02-13,32970,33000,32970,33000,1514,27239.76953125
2023-02-14,33000,33000,32500,33000,7639,27239.76953125
2023-02-15,32900,32900,32500,32500,2053,26827.05078125
2023-02-16,31762.990234375,31762.990234375,31762.990234375,31762.990234375,355,26218.6875
2023-02-17,31534.900390625,31534.900390625,31534.900390625,31534.900390625,343,26030.412109375
2023-02-20,32500,32500,32000,32000,3583,26414.322265625
2023-02-21,31200,31200,31200,31200,2109,25753.966796875
2023-02-22,30810.470703125,30810.470703125,30810.470703125,30810.470703125,275,25432.427734375
2023-02-23,30060,30060,29500,29500,4849,24350.703125
2023-02-24,30990,30990,28420,28420,5947,23459.224609375
2023-02-27,28430,28430,27860,27860,5912,22996.97265625
2023-02-28,27860,27860,25080,25080,23462,20702.23046875
2023-03-01,25500,25500,24950,24950,130420,20594.919921875
2023-03-02,24980,25710,24980,25500,15873,21048.9140625
2023-03-03,25500,25700,25500,25700,11551,21214.001953125
2023-03-06,25600,25700,25600,25700,7296,21214.001953125
2023-03-07,25700,25700,25690,25700,10295,21214.001953125
2023-03-08,25700,26990,25700,26890,39246,22196.287109375
2023-03-09,27180,27500,27180,27450,7545,22658.537109375
2023-03-10,27100,27100,27100,27100,1474,22369.62890625
2023-03-13,26800,27100,26800,26960,45259,22254.0703125
2023-03-14,27790,28500,27430,27800,86483,22947.44140625
2023-03-15,27800,28000,27010,28000,138046,23112.53515625
2023-03-16,28000,29760,28000,29760,20426,24565.322265625
2023-03-17,29500,31500,29500,29760,124351,24565.322265625
2023-03-20,29760,29760,29760,29760,0,24565.322265625
2023-03-21,29000,29000,29000,29000,480,23937.978515625
2023-03-22,29500,29500,29500,29500,831,24350.703125
2023-03-23,29363.029296875,29363.029296875,29363.029296875,29363.029296875,628,24237.638671875
2023-03-24,28200,28790,28200,28790,77561,23764.638671875
2023-03-27,29480,30000,29480,29510,10470,24358.95703125
2023-03-28,29650,30000,29650,30000,5723,24763.427734375
2023-03-29,29020,31720,29020,31720,199270,26183.19921875
2023-03-30,30530,32420,30530,32420,3672,26983.033203125
2023-03-31,31642.91015625,31642.91015625,31642.91015625,31642.91015625,282,26336.267578125
2023-04-03,31013.259765625,31013.259765625,31013.259765625,31013.259765625,430,25812.208984375
2023-04-04,31109.080078125,31109.080078125,31109.080078125,31109.080078125,530,25891.966796875
2023-04-05,32000,34400,32000,32570,3249,27107.876953125
2023-04-06,32570,32570,32570,32570,0,27107.876953125
2023-04-07,32570,32570,32570,32570,0,27107.876953125
2023-04-10,32550,32570,32040,32040,3084,26666.7578125
2023-04-11,32990,33990,32280,33990,7501,28289.7421875
2023-04-12,32500,32500,32500,32500,330,27049.62109375
2023-04-13,32850,33730,32500,33730,4981,28073.337890625
2023-04-14,34200,34200,34200,34200,0,28464.517578125
2023-04-17,33790,37000,33500,37000,13417,30794.9453125
2023-04-18,36780,36780,34640,36700,5257,30545.25
2023-04-19,35300,35300,35300,35300,1824,29380.048828125
2023-04-20,36190,36190,34130,35590,2114,29621.416015625
2023-04-21,35000,35000,34010,34010,3085,28306.390625
2023-04-24,34020,34020,33600,33600,3201,27965.1484375
2023-04-25,33600,33990,33600,33990,4734,28511.208984375
2023-04-26,33100,33100,33100,33100,892,27764.669921875
2023-04-27,31110,34100,31110,34100,34461,28603.4765625
2023-04-28,34100,34400,34100,34200,20330,28687.353515625
2023-05-01,34200,34200,34200,34200,0,28687.353515625
2023-05-02,33970,36500,33970,36500,19760,30616.625
2023-05-03,35900,36990,35410,36990,32792,31027.6484375
2023-05-04,36990,37000,36010,36990,9092,31027.6484375
2023-05-05,37000,37000,36990,36990,6527,31027.6484375
2023-05-08,37000,37000,37000,37000,11506,31036.03125
2023-05-09,35760,35760,35760,35760,802,29995.912109375
2023-05-10,35760,36120,35760,36120,10453,30297.875
2023-05-11,36000,36590,36000,36590,1645,30692.1171875
2023-05-12,34500,36490,34500,36490,13005,30608.244140625
2023-05-15,36290,36290,36290,36290,993,30440.4765625
2023-05-16,36289.109375,36289.109375,36289.109375,36289.109375,56,30439.728515625
2023-05-17,34992.0703125,34992.0703125,34992.0703125,34992.0703125,188,29351.755859375
2023-05-18,35990,35990,35990,35990,1373,30188.83203125
2023-05-19,35000,35000,35000,35000,211,29358.40234375
2023-05-22,35000,35000,35000,35000,0,29358.40234375
2023-05-23,35950,35960,35950,35960,1205,30163.666015625
2023-05-24,33810,33810,33810,33810,482,28360.22265625
2023-05-25,34013.421875,34013.421875,34013.421875,34013.421875,117,28530.859375
2023-05-26,33881.6796875,33881.6796875,33881.6796875,33881.6796875,137,28640.115234375
2023-05-29,34800,34800,34800,34800,835,29416.365234375
2023-05-30,32090,34550,32090,34550,983,29205.05078125
2023-05-31,34450,34450,33800,33800,22390,28571.068359375
2023-06-01,32010,32500,32000,32500,16534,27472.185546875
2023-06-02,32000,32950,32000,32950,4355,27852.5703125
2023-06-05,33000,33550,32400,33550,230849,28359.75
2023-06-06,33100,34390,33100,34390,16537,29069.802734375
2023-06-07,34000,34170,33970,34170,16768,28883.830078125
2023-06-08,33536.078125,33536.078125,33536.078125,33536.078125,1153,28347.9765625
2023-06-09,,,,,,
2023-06-12,,,,,,
2023-06-13,33607.890625,33607.890625,33607.890625,33607.890625,289,28408.68359375
2023-06-14,33390,33390,33000,33000,1374,27894.8359375
2023-06-15,32700,32700,32700,32700,1335,27641.244140625
2023-06-16,32450,32450,32400,32400,2887,27387.65625
2023-06-19,32400,32400,32400,32400,0,27387.65625
2023-06-20,32400.0390625,32400.0390625,32400.0390625,32400.0390625,269,27387.693359375
2023-06-21,32340,32340,32000,32000,4053,27049.53515625
2023-06-22,33194,33194,33194,33194,5,28058.82421875
2023-06-23,31200,31200,30800,31200,2178,26373.3046875
2023-06-26,30310,32760,30300,32760,3869,27691.96875
2023-06-27,32750,32750,31000,32750,2427,27905.84375
2023-06-28,31000,31000,31000,31000,351,26414.6875
2023-06-29,32550,32550,32550,32550,517,27735.419921875
2023-06-30,32186.48046875,32186.48046875,32186.48046875,32186.48046875,307,27425.671875
2023-07-03,32186.48046875,32186.48046875,32186.48046875,32186.48046875,0,27425.671875
2023-07-04,30220,31690,30000,31690,3467,27002.62890625
2023-07-05,31660,31660,30000,30000,10242,25562.603515625
2023-07-06,30000,30000,30000,30000,2581,25562.603515625
2023-07-07,30000,30000,29990,29990,2801,25554.078125
2023-07-10,29990,29990,29500,29500,6979,25136.55859375
2023-07-11,29220,29600,29220,29600,8945,25221.763671875
2023-07-12,29600,29840,29600,29600,34644,25221.763671875
2023-07-13,29760,30640,29760,30580,13147,26056.806640625
2023-07-14,30580,30680,30580,30680,2029,26142.017578125
2023-07-17,30000,30500,29810,30490,5203,25980.12109375
2023-07-18,30490,30590,30470,30520,1990,26005.685546875
2023-07-19,30540,31100,30330,31100,7404,26499.890625
2023-07-20,31100,31100,31100,31100,0,26499.890625
2023-07-21,30400,30900,30350,30800,5292,26244.26953125
2023-07-24,30700,30700,30400,30400,3851,25903.43359375
2023-07-25,30770,30770,30110,30770,1773,26218.70703125
2023-07-26,30680,30700,29650,30350,9346,26082.0703125
2023-07-27,30350,30790,30200,30200,2991,25953.16015625
2023-07-28,29870,30180,29870,30180,1671,25935.9765625
2023-07-31,30180,30180,30180,30180,0,25935.9765625
2023-08-01,30560,30560,30560,30560,186,26262.53515625
2023-08-02,30539.369140625,30539.369140625,30539.369140625,30539.369140625,254,26244.802734375
2023-08-03,30010,30300,29760,30300,3135,26039.09375
2023-08-04,30300,30300,30300,30300,0,26039.09375
2023-08-07,30300,30300,30300,30300,0,26039.09375
2023-08-08,30370,30500,30370,30500,2015,26210.970703125
2023-08-09,30000,30000,29500,29500,8167,25351.59765625
2023-08-10,29310,29780,29000,29780,10362,25592.22265625
2023-08-11,29500,29800,29500,29510,116396330,25360.189453125
2023-08-14,29150,29150,28220,29000,4377,24921.904296875
2023-08-15,29620,29620,29620,29620,837,25454.720703125
2023-08-16,29600,29600,29600,29600,1005,25437.53125
2023-08-17,28540,28540,28540,28540,1011,24526.591796875
2023-08-18,29450,29450,29450,29450,750,25308.630859375
2023-08-21,29450,29450,29450,29450,0,25308.630859375
2023-08-22,29450,29450,29450,29450,397,25308.630859375
2023-08-23,29030,29030,29030,29030,551,24947.69140625
2023-08-24,28260,28260,28200,28200,4812,24234.40625
2023-08-25,28000,28010,28000,28010,3591,24071.123046875
2023-08-28,28003.330078125,28003.330078125,28003.330078125,28003.330078125,201,24291.74609375
2023-08-29,27020,27130,27020,27120,3373,23525.49609375
2023-08-30,27030,27030,26520,26520,7601,23005.015625
2023-08-31,26520,26720,25650,25650,6234,22250.33203125
2023-09-01,25790,26970,25710,26500,12223,22987.673828125
2023-09-04,26120,26810,26100,26810,3998,23256.583984375
2023-09-05,26780,26780,25710,25710,5896,22302.376953125
2023-09-06,25710,25710,25250,25250,13736,21903.33984375
2023-09-07,25900,25900,24670,24990,8090,21677.8046875
2023-09-08,24990,25870,24990,25600,3061,22206.9609375
2023-09-11,25900,27500,25610,25900,11133,22467.19140625
2023-09-12,25510,26000,25500,26000,8490,22553.94140625
2023-09-13,25350,25350,24560,24560,63960,21304.796875
2023-09-14,24600,25500,24600,24600,254169,21339.505859375
2023-09-15,25000,25160,24800,24980,158150,21669.130859375
2023-09-18,25420,27450,25420,25520,5732,22137.5625
2023-09-19,25200,25200,24750,24750,31923,21469.61328125
2023-09-20,25490,25490,25000,25000,4263,21686.484375
2023-09-21,25000,25200,25000,25000,8460,21686.484375
2023-09-22,25000,25000,25000,25000,8093,21686.484375
2023-09-25,25690,25690,25300,25380,2495,22016.109375
2023-09-26,25380,25380,25000,25000,2681,21911.818359375
2023-09-27,25000,25000,25000,25000,1657,21911.818359375
2023-09-28,24990,25650,24990,25650,4724,22481.525390625
2023-09-29,25650,25650,25200,25200,7231,22087.107421875
2023-10-02,25476.3203125,25476.3203125,25476.3203125,25476.3203125,585,22329.298828125
2023-10-03,25220,25220,25000,25000,7727,21911.818359375
2023-10-04,25030,25080,25030,25080,2097,21981.9296875
2023-10-05,25090,25090,25090,25090,2038,21990.6953125
2023-10-06,25000.240234375,25000.240234375,25000.240234375,25000.240234375,1105,21912.0234375
2023-10-09,25090,25090,25090,25090,1732,21990.6953125
2023-10-10,25262.69921875,25262.69921875,25262.69921875,25262.69921875,274,22142.0625
2023-10-11,25110,25110,25110,25110,1642,22008.2265625
2023-10-12,25490,25490,25490,25490,1323,22341.28515625
2023-10-13,25490,25490,25490,25490,1183,22341.28515625
2023-10-16,25490,25490,25490,25490,0,22341.28515625
2023-10-17,25500,25510,25500,25510,2069,22358.814453125
2023-10-18,25900,25900,25900,25900,2033,22700.638671875
2023-10-19,25970,25980,25900,25900,3526,22700.638671875
2023-10-20,25500,25500,25500,25500,2528,22350.05859375
2023-10-23,25510,25510,25260,25260,4726,22139.69921875
2023-10-24,25500,25500,25480,25480,1668,22332.521484375
2023-10-25,24950,24950,24950,24950,2478,21867.9921875
2023-10-26,24950,24950,24950,24950,1662,22099.17578125
2023-10-27,25000,25000,25000,25000,1123,22143.45703125
2023-10-30,25100,25100,25000,25000,7298,22143.45703125
2023-10-31,24900,24900,24870,24900,4348,22054.8828125
2023-11-01,24910,25000,24900,25000,3738,22143.45703125
2023-11-02,24900,24900,24900,24900,1278,22054.8828125
2023-11-03,24900,24900,24760,24760,4812,21930.876953125
2023-11-06,24760,24760,24760,24760,0,21930.876953125
2023-11-07,24700,24700,24580,24580,3001,21771.4453125
2023-11-08,24580,24580,24580,24580,1320,21771.4453125
2023-11-09,24580,24600,24580,24600,2978,21789.162109375
2023-11-10,24640,24780,24640,24780,2169,21948.591796875
2023-11-13,24780,24780,24780,24780,0,21948.591796875
2023-11-14,24780,24780,24780,24780,1126,21948.591796875
2023-11-15,24400,24400,24400,24400,1183,21612.017578125
2023-11-16,24300,24300,24300,24300,1908,21523.4375
2023-11-17,24400,24400,23900,23960,11042,21222.29296875
2023-11-20,23900,24000,23900,24000,8983,21257.716796875
2023-11-21,23980,24000,23940,24000,13518,21257.716796875
2023-11-22,24000,24000,23980,24000,8773,21257.716796875
2023-11-23,24000,24000,24000,24000,2498,21257.716796875
2023-11-24,24320,24320,24320,24320,1810,21541.154296875
2023-11-27,24000,24000,24000,24000,2049,21488.328125
2023-11-28,24000,24000,24000,24000,2798,21488.328125
2023-11-29,24500,24500,24500,24500,7069,21936.001953125
2023-11-30,24500,24500,24480,24480,2266,21918.09765625
2023-12-01,24460,24460,24460,24460,1529,21900.19140625
2023-12-04,24100,24100,24100,24100,3721,21577.865234375
2023-12-05,24100,24100,24100,24100,1691,21577.865234375
2023-12-06,24000,24000,23980,24000,3745,21488.328125
2023-12-07,24000,24000,24000,24000,330,21488.328125
2023-12-08,24000,24000,24000,24000,0,21488.328125
2023-12-11,24000,24120,24000,24000,6289,21488.328125
2023-12-12,24000,24500,24000,24500,5153,21936.001953125
2023-12-13,24500,24500,24480,24500,7266,21936.001953125
2023-12-14,24020,24020,24020,24020,4217,21506.236328125
2023-12-15,24500,24520,24500,24520,2602,21953.91015625
2023-12-18,24520,24520,24520,24520,584,21953.91015625
2023-12-19,24920,25660,24920,25660,13657,22974.60546875
2023-12-20,25900,27500,25900,27500,27950,24622.046875
2023-12-21,28000,28040,26500,26500,9475,23726.69921875
2023-12-22,26500,26500,26500,26500,2318,23726.69921875
2023-12-25,26500,26500,26500,26500,0,23726.69921875
2023-12-26,26500,27500,26500,27500,3759,24866.962890625
2023-12-27,27600,27600,27580,27580,2002,24939.298828125
2023-12-28,27480,27480,27460,27460,3639,24830.79296875
2023-12-29,27460,27460,27460,27460,0,24830.79296875
2024-01-01,27460,27460,27460,27460,0,24830.79296875
2024-01-02,28440,28440,28300,28300,1943,25590.365234375
2024-01-03,28340,28340,28300,28300,4112,25590.365234375
2024-01-04,28440,29200,28440,28900,11647,26132.912109375
2024-01-05,28920,29460,28920,29440,11216,26621.2109375
2024-01-08,29440,29440,29440,29440,0,26621.2109375
2024-01-09,29300,29300,28720,28720,5559,25970.1484375
2024-01-10,29300,29460,29000,29000,5529,26223.341796875
2024-01-11,29400,29400,29400,29400,2363,26585.0390625
2024-01-12,29280,29400,29080,29400,8786,26585.0390625
2024-01-15,29400,29400,29400,29400,284,26585.0390625
2024-01-16,29400,29620,29400,29620,13214,26783.974609375
2024-01-17,29620,29700,29620,29700,5941,26856.31640625
2024-01-18,29920,29980,29920,29920,6304,27055.25
2024-01-19,29920,29920,29860,29860,2566,27000.994140625
2024-01-22,29860,29860,29860,29860,0,27000.994140625
2024-01-23,30000,30280,30000,30280,7490,27380.78515625
2024-01-24,30280,30280,30280,30280,0,27380.78515625
2024-01-25,30280,30280,30280,30280,0,27380.78515625
2024-01-26,30280,30280,30280,30280,0,27618.84375
2024-01-29,30780,30780,30780,30780,813,28074.90625
2024-01-30,30020,31860,30000,31860,9419,29059.986328125
2024-01-31,31800,31800,31800,31800,1941,29005.259765625
2024-02-01,31760,31760,31680,31680,2172,28895.80859375
2024-02-02,31680,31680,31680,31680,849,28895.80859375
2024-02-05,31660,31660,31660,31660,1377,28877.560546875
2024-02-06,31660,31660,31000,31000,3848,28275.5703125
2024-02-07,31760,31760,31760,31760,2349,28968.775390625
2024-02-08,31980,32760,31980,32760,6343,29880.888671875
2024-02-09,31100,31100,31100,31100,614,28366.779296875
2024-02-12,31520,31520,31120,31520,1784,28749.8671875
2024-02-13,31500,31500,31500,31500,1178,28731.62890625
2024-02-14,30860,31500,30500,31500,8648,28731.62890625
2024-02-15,31500,31500,31500,31500,4685,28731.62890625
2024-02-16,31500,31500,31500,31500,1013,28731.62890625
2024-02-19,30600,30600,30000,30000,6351,27363.4453125
2024-02-20,31140,32000,30800,31520,10107,28749.8671875
2024-02-21,32000,33480,31500,33480,24673,30537.615234375
2024-02-22,32020,33460,31900,33000,9978,30099.796875
2024-02-23,32280,33000,32020,32780,4484,29899.1328125
2024-02-26,31980,32500,31980,32000,30427,29421.951171875
2024-02-27,31920,32100,31900,31900,8930,29330
2024-02-28,31900,31900,31900,31900,403,29330
2024-02-29,31600,32480,31600,32480,219036,29863.2734375
2024-03-01,32000,32480,32000,32480,30353,29863.2734375
2024-03-04,31520,32360,31520,32360,2025,29752.939453125
2024-03-05,32360,32640,32360,32640,10181,30010.384765625
2024-03-06,32560,32560,32560,32560,4751,29936.830078125
2024-03-07,32000,32380,31980,32380,6594,29771.33203125
2024-03-08,31640,32000,31640,32000,1548,29421.951171875
2024-03-11,32000,32000,32000,32000,50,29421.951171875
2024-03-12,31800,31800,31300,31300,1397,28778.33984375
2024-03-13,29600,30960,28600,30860,7297,28373.791015625
2024-03-14,30200,30200,29440,29900,1804,27491.12890625
2024-03-15,29400,29800,27500,27500,37916,25284.48828125
2024-03-18,28040,28040,27500,27500,46581,25284.48828125
2024-03-19,27600,27600,27400,27500,10302,25284.48828125
2024-03-20,27500,27500,26820,26820,19863,24659.271484375
2024-03-21,27000,27000,26880,27000,21710,24824.76953125
2024-03-22,27000,27680,26820,27000,32076,24936.515625
2024-03-25,27000,27000,27000,27000,0,24936.515625
2024-03-26,26540,27000,26540,26900,4711,24844.158203125
2024-03-27,26980,27020,26980,27000,13340,24936.515625
2024-03-28,27000,27000,27000,27000,0,24936.515625
2024-03-29,27000,27000,27000,27000,0,24936.515625
2024-04-01,27000,27000,26600,26600,16470,24567.0859375
2024-04-02,26600,27000,26900,27000,28216,24936.515625
2024-04-03,27000,27500,27100,27460,6518,25361.36328125
2024-04-04,27460,28580,27760,28300,31171,26137.16796875
2024-04-05,28300,28300,28100,28100,15739,25952.44921875
2024-04-08,28100,28200,27800,28200,247503,26044.806640625
2024-04-09,27800,28600,28420,28500,100391,26321.8828125
2024-04-10,28500,30000,28500,29860,25417,27577.94140625
2024-04-11,29860,29600,29000,29600,100396,27337.810546875
2024-04-12,29600,29800,29000,29000,22899,26783.669921875
2024-04-15,29000,28800,27840,28500,7271,26321.8828125
2024-04-16,28500,28880,28500,28880,4277,26672.84375
2024-04-17,28880,28740,28100,28500,17613,26321.8828125
2024-04-18,28500,28480,27900,27900,7782,25767.740234375
2024-04-19,27900,29480,27900,28780,13556,26580.478515625
2024-04-22,28780,28780,28120,28200,8866,26044.806640625
2024-04-23,28200,28040,28040,28040,2952,25897.03515625
2024-04-24,28040,28100,27860,27860,8099,25730.79296875
2024-04-25,27860,27900,27500,27600,15583,25601.861328125
2024-04-26,27600,28360,28100,28260,9755,26214.07421875
2024-04-29,28260,28500,28500,28500,4485,26436.69921875
2024-04-30,28500,28500,28300,28300,11358,26251.181640625
2024-05-01,,,,,,
2024-05-02,28300,28480,28300,28460,3213,26399.59765625
2024-05-03,32480,32360,31520,32360,2025,30017.251953125
2024-05-06,28500,28380,28100,28380,2882,26325.38671875
2024-05-07,28380,28340,28300,28300,15146,26251.181640625
2024-05-08,28300,28300,28100,28300,4286,26251.181640625
2024-05-09,28300,28280,28020,28060,4639,26028.55859375
2024-05-10,28060,28300,28060,28300,6240,26251.181640625
2024-05-13,,,,,,
2024-05-14,28300,28380,28240,28300,6843,26251.181640625
2024-05-15,28300,28300,28260,28280,23053,26232.626953125
2024-05-16,28280,28380,28100,28300,21634,26251.181640625
2024-05-17,28300,28300,28300,28300,16504,26251.181640625
2024-05-20,28300,28360,28100,28100,19743,26065.658203125
2024-05-21,28100,28280,28060,28280,3365,26232.626953125
2024-05-22,28280,28160,28000,28160,23176,26121.314453125
2024-05-23,28160,28160,28160,28160,0,26121.314453125
2024-05-24,27900,28260,27800,28100,4079,26065.658203125
2024-05-27,28100,27700,27700,27700,5569,25694.6171875
2024-05-28,27700,27700,27700,27700,682,25807.353515625
2024-05-29,27700,27720,27580,27580,2124,25695.55078125
2024-05-30,27580,28000,27980,27980,6666,26068.21875
2024-05-31,27980,28180,27000,27540,60008,25658.28515625
2024-06-03,,,,,,
2024-06-04,27540,27640,27640,27640,1424,25751.44921875
2024-06-05,27640,27880,27020,27240,20433,25378.78125
2024-06-06,27240,28000,27640,27640,3180,25751.44921875
2024-06-07,27640,27800,27520,27520,16341,25639.650390625
2024-06-10,,,,,,
2024-06-11,27520,27800,27060,27800,22439,25900.513671875
2024-06-12,27800,27800,27000,27800,13922,25900.513671875
2024-06-13,27800,27680,27480,27500,18621,25621.015625
2024-06-14,27500,27800,27000,27000,25800,25155.17578125
2024-06-17,27000,27460,27040,27460,3647,25583.748046875
2024-06-18,27460,27440,27340,27400,5040,25527.84765625
2024-06-19,27400,27120,27000,27000,4884,25155.17578125
2024-06-20,27000,27220,27000,27000,3562,25155.17578125
2024-06-21,27000,27020,26000,26000,51371,24223.5078125
2024-06-24,26000,27100,26500,26500,12735,24689.337890625
2024-06-25,26500,27000,26400,26600,12306,24896.18359375
2024-06-26,26600,26600,26600,26600,803,24896.18359375
2024-06-27,26600,26600,26600,26600,525,24896.18359375
2024-06-28,26600,26600,26580,26600,7657,24896.18359375
2024-07-01,,,,,,
2024-07-02,26600,26600,26600,26600,352,24896.18359375
2024-07-03,26600,26580,26020,26300,3273,24615.404296875
2024-07-04,26300,26300,26300,26300,249,24615.404296875
2024-07-05,26300,26120,26100,26100,3164,24428.212890625
2024-07-08,26100,26180,25920,25980,30164,24315.8984375
2024-07-09,25980,26000,25520,25520,15100,23885.36328125
2024-07-10,25520,25540,25280,25280,9097,23660.73828125
2024-07-11,25280,25280,25080,25080,10042,23473.546875
2024-07-12,25080,25460,25000,25200,48357,23585.861328125
2024-07-15,25200,25700,25420,25420,3162,23791.771484375
2024-07-16,25420,25440,25300,25300,8101,23679.455078125
2024-07-17,25300,25560,25400,25560,2848,23922.802734375
2024-07-18,25560,25420,25420,25420,4356,23791.771484375
2024-07-19,25420,25600,25440,25600,3675,23960.2421875
2024-07-22,25600,25600,25500,25500,9168,23866.646484375
2024-07-23,25500,25700,25440,25700,2636,24053.828125
2024-07-24,25700,25480,25440,25440,3482,23810.486328125
2024-07-25,25440,25440,25420,25420,3798,23791.771484375
2024-07-26,25420,25460,25340,25400,4939,23886.751953125
2024-07-29,25400,25460,25440,25460,3230,23943.177734375
2024-07-30,25460,25420,25020,25020,14593,23529.390625
2024-07-31,25020,25100,25000,25020,16646,23529.390625
2024-08-01,25020,25100,25000,25000,10981,23510.58203125
2024-08-02,25000,25020,25000,25000,8858,23510.58203125
2024-08-05,25000,24920,24000,24780,11777,23303.689453125
2024-08-06,24780,24800,24600,24600,4163,23134.4140625
2024-08-07,24600,24960,24800,24960,2620,23472.96484375
2024-08-08,24600,24960,24800,24960,2620,23472.96484375
2024-08-09,24960,25000,24980,25000,5707,23510.58203125
2024-08-12,25000,24940,24940,24940,2400,23454.158203125
2024-08-13,24940,25000,24900,24980,12584,23491.76953125
2024-08-14,24980,25500,25000,25000,7862,23510.58203125
2024-08-15,25000,25500,25100,25500,7137,23980.798828125
2024-08-16,25500,25480,25480,25480,1799,23961.984375
2024-08-19,,,,,,
2024-08-20,25480,25480,25480,25480,1707,23961.984375
2024-08-21,25480,26740,25760,26740,71679,25146.919921875
2024-08-22,26740,27080,26000,27080,28161,25466.666015625
2024-08-23,27080,27500,27000,27500,65540,25861.638671875
2024-08-26,27500,28300,27500,28300,22000,26613.98046875
2024-08-27,28300,28000,27900,28000,5411,26444.923828125
2024-08-28,28000,28240,27900,28220,13443,26652.703125
2024-08-29,28220,28220,28220,28220,1598,26652.703125
2024-08-30,28220,29000,28000,29000,320088,27389.3828125
2024-09-02,29000,29000,29000,29000,929,27389.3828125
2024-09-03,29000,28440,28440,28440,3319,26860.482421875
2024-09-04,28440,28200,28200,28200,6462,26633.814453125
2024-09-05,28200,28300,27500,28300,13827,26728.2578125
2024-09-06,28300,28260,27720,28260,1378,26690.48046875
2024-09-09,28260,28240,27820,27820,7466,26274.916015625
2024-09-10,27820,28460,27600,28460,2718,26879.373046875
2024-09-11,28460,28460,27660,27920,5660,26369.365234375
2024-09-12,27920,28200,27660,28200,8787,26633.814453125
2024-09-13,28200,28180,28000,28180,2300,26614.923828125
2024-09-16,28180,28400,27880,27880,7063,26331.5859375
2024-09-17,27880,28300,27740,28100,5018,26539.365234375
2024-09-18,28100,28000,27620,28000,5173,26444.923828125
2024-09-19,28000,28200,28000,28160,11040,26596.03515625
2024-09-20,28160,28700,27900,27900,41550,26350.4765625
2024-09-23,27900,27900,27700,27700,3596,26161.583984375
2024-09-24,27700,28000,27200,27640,4015,26104.916015625
2024-09-25,27640,27520,27240,27240,3415,25840.25
2024-09-26,27240,27240,27240,27240,0,25840.25
2024-09-27,27240,27960,27400,27820,4445,26390.451171875
2024-09-30,27820,28380,27500,27720,4303,26295.5859375
2024-10-01,27720,28000,27700,27700,16730,26276.611328125
2024-10-02,27700,28000,27220,27220,3082,25821.28125
2024-10-03,27220,27660,27120,27660,9958,26238.671875
2024-10-04,27660,27780,27080,27780,6508,26352.501953125
2024-10-07,27780,27760,27160,27160,4512,25764.359375
2024-10-08,27160,27000,27440,27440,7860,26029.9765625
2024-10-09,27440,27200,25040,27200,7214,25802.3046875
2024-10-10,27200,26980,26940,26940,2882,25555.66796875
2024-10-11,26940,27400,27040,27400,4212,25992.03125
2024-10-14,,,,,,
2024-10-15,27400,27040,27040,27040,2287,25650.529296875
2024-10-16,27040,27700,26980,27580,20506,26162.779296875
2024-10-17,27580,27560,27020,27480,18892,26067.921875
2024-10-18,27480,28160,27300,27620,60215,26200.728515625
2024-10-21,27620,28220,27600,27780,15966,26352.501953125
2024-10-22,27780,28000,27600,27620,5145,26200.728515625
2024-10-23,27620,27600,27500,27500,7092,26086.890625
2024-10-24,27500,27740,27740,27740,527,26314.55859375
2024-10-25,27740,27520,27520,27520,1739,26105.86328125
2024-10-28,27520,27700,27460,27500,25961,26202.09765625
2024-10-29,27500,27480,27040,27480,3552,26183.041015625
2024-10-30,27480,27500,27160,27480,6031,26183.041015625
2024-10-31,27480,28220,27500,28100,23630,26773.779296875
2024-11-01,28100,28300,28240,28260,16273,26926.228515625
2024-11-04,,,,,,
2024-11-05,28260,28400,28100,28240,9108,26907.171875
2024-11-06,28240,28100,27800,27840,6677,26526.048828125
2024-11-07,27840,27800,27380,27600,4312,26297.37890625
2024-11-08,27600,27600,27000,27260,9313,25973.423828125
2024-11-11,,,,,,
2024-11-12,27260,27500,27040,27200,6412,25916.255859375
2024-11-13,27200,27280,27000,27280,9556,25992.484375
2024-11-14,27280,27200,27140,27200,2989,25916.255859375
2024-11-15,27200,27280,27140,27280,4523,25992.484375
2024-11-18,27280,27480,27200,27480,11475,26183.041015625
2024-11-19,27480,27400,27200,27400,5487,26106.81640625
2024-11-20,27400,27300,27000,27300,15729,26011.537109375
2024-11-21,27300,27480,27300,27300,68065,26011.537109375
2024-11-22,27300,27780,27300,27780,19163,26468.8828125
2024-11-25,27780,27340,26700,26700,249030,25439.8515625
2024-11-26,26700,27400,27340,27400,43278,26225.666015625
2024-11-27,27400,27500,27480,27480,2219,26302.23828125
2024-11-28,27480,27500,27000,27380,39238,26206.52734375
2024-11-29,27380,27480,27040,27480,4457,26302.23828125
2024-12-02,27480,27480,27480,27480,998,26302.23828125
2024-12-03,27480,27280,27220,27220,3741,26053.3828125
2024-12-04,27220,27060,27000,27020,9416,25861.953125
2024-12-05,27020,27300,26960,26960,21791,25804.525390625
2024-12-06,26960,27300,27300,27300,504,26129.953125
2024-12-09,27300,27180,26900,27180,14767,26015.09765625
2024-12-10,27180,26960,26900,26900,7011,25747.09375
2024-12-11,26900,26900,26820,26900,10009,25747.09375
2024-12-12,26900,26920,26920,26920,2598,25766.23828125
2024-12-13,26920,26860,26700,26860,11950,25708.810546875
2024-12-16,26860,26860,26740,26860,9634,25708.810546875
2024-12-17,26860,26820,26820,26820,947,25670.5234375
2024-12-18,26820,26860,26080,26080,25221,24962.244140625
2024-12-19,26080,26140,26040,26060,11169,24943.095703125
2024-12-20,26060,26700,26080,26700,5192,25555.666015625
2024-12-23,26700,26680,26240,26680,3512,25536.529296875
2024-12-24,26680,26240,26240,26240,600,25229.80859375
2024-12-25,26240,26240,26240,26240,0,25229.80859375
2024-12-26,26240,26240,26240,26240,961,25229.80859375
2024-12-27,26240,27000,26540,26540,3962,25518.2578125
2024-12-30,26540,26860,26580,26860,3223,25825.9375
2024-12-31,26860,26860,26860,26860,0,25825.9375
2025-01-01,,,,,,
2025-01-02,26860,26860,26860,26860,1726,25825.9375
2025-01-03,26860,26600,26000,26500,7686,25479.796875
2025-01-06,,,,,,
2025-01-07,26500,27000,26520,27000,12131,25960.548828125
2025-01-08,27000,26860,26620,26860,4586,25825.9375
2025-01-09,26860,26980,26460,26900,14171,25864.396484375
2025-01-10,26900,26960,26480,26860,9583,25825.9375
2025-01-13,26860,26860,26600,26600,19364,25575.947265625
2025-01-14,26600,26560,26560,26560,2157,25537.48828125
2025-01-15,26560,26860,26560,26600,3168,25575.947265625
2025-01-16,26600,27500,27060,27500,23400,26441.30078125
2025-01-17,27500,27460,27160,27200,9546,26152.849609375
2025-01-20,27200,27460,26900,27380,16776,26325.919921875
2025-01-21,27380,27380,27380,27380,0,26325.919921875
2025-01-22,27400,27400,27040,27400,16694,26345.150390625
2025-01-23,27400,27900,27400,27900,28929,26825.900390625
2025-01-24,27900,28380,27700,28000,17585,26922.05078125
2025-01-27,28000,28380,27500,28220,18197,27133.580078125
2025-01-28,28220,29000,28000,28880,57594,27887.748046875
2025-01-29,28880,29600,29200,29400,26042,28389.876953125
2025-01-30,29400,29620,29020,29020,35424,28022.935546875
2025-01-31,29020,29580,29020,29500,85483,28486.4453125
2025-02-03,29500,29300,29000,29040,26903,28042.25
2025-02-04,29040,29180,28900,29080,12282,28080.876953125
2025-02-05,29080,29300,29080,29300,20127,28293.31640625
2025-02-06,29300,29140,29000,29120,8355,28119.5
2025-02-07,29120,29080,28600,28880,36374,27887.748046875
2025-02-10,28880,29020,28860,29020,15926,28022.935546875
2025-02-11,29020,28900,28640,28740,10421,27752.55859375
2025-02-12,28740,28800,28500,28500,16317,27520.8046875
2025-02-13,28500,28540,28400,28520,72174,27540.11328125
2025-02-14,28520,29260,28320,29180,18182,28177.44140625
2025-02-17,29180,29900,29300,29860,13141,28834.080078125
2025-02-18,29860,30760,29880,30520,40377,29471.400390625
2025-02-19,27380,27460,27200,27400,6883,26458.595703125
2025-02-20,31180,31700,30640,30900,32331,29838.345703125
2025-02-21,30900,31400,30520,30520,17783,29471.400390625
2025-02-24,30520,31100,30660,31100,19417,30031.47265625
2025-02-25,31100,31100,30800,30820,16037,29877.337890625
2025-02-26,30820,30980,30020,30300,21778,29373.240234375
2025-02-27,30300,30080,29880,30000,15616,29082.416015625
2025-02-28,30000,30000,29400,29400,34135,28500.767578125
2025-03-03,29400,30000,29600,30000,9748,29082.416015625
2025-03-04,30000,29900,29600,29900,11494,28985.4765625
2025-03-05,29900,30000,29500,29960,6848,29043.640625
2025-03-06,29960,29960,29460,29960,9226,29043.640625
2025-03-07,29960,31880,30000,30860,49555,29916.115234375
2025-03-10,30860,31500,30500,30800,41477,29857.94921875
2025-03-11,30800,30860,30320,30320,24667,29392.630859375
2025-03-12,30320,30700,30300,30700,16623,29761.005859375
2025-03-13,30700,30800,30300,30500,8230,29567.125
2025-03-14,30500,30800,30300,30780,10516,29838.560546875
2025-03-17,30780,30780,30300,30300,10678,29373.240234375
2025-03-18,30300,30780,30000,30400,21124,29470.181640625
2025-03-19,30400,30400,30000,30400,11477,29470.181640625
2025-03-20,30400,30800,30400,30420,43310,29489.5703125
2025-03-21,30420,30420,30420,30420,0,29489.5703125
2025-03-24,30420,30420,30420,30420,0,29489.5703125
2025-03-25,30800,31360,30700,31300,28115,30342.654296875
2025-03-26,31300,31600,31000,31020,41794,30071.21875
2025-03-27,31020,31000,30460,30460,3250,29528.34765625
2025-03-28,30460,30760,30060,30760,4447,29962.787109375
2025-03-31,30760,30720,30100,30500,12790,29709.52734375
2025-04-01,30500,30960,30440,30520,14962,29729.009765625
2025-04-02,30520,31820,30500,31700,36052,30878.42578125
2025-04-03,31700,31600,31000,31500,18437,30683.611328125
2025-04-04,31500,31240,30580,30580,11225,29787.451171875
2025-04-07,30580,30400,30000,30200,21270,29417.302734375
2025-04-08,30200,30600,29500,29600,24340,28832.853515625
2025-04-09,29600,30140,28600,30140,22194,29358.857421875
2025-04-10,30140,29900,28600,28600,20859,27858.76953125
2025-04-11,28600,29600,29340,29600,9252,28832.853515625
2025-04-14,29600,29980,29640,29640,4188,28871.81640625
2025-04-15,29640,30000,29640,29640,13874,28871.81640625
2025-04-16,29640,29980,29700,29980,2373,29203.005859375
2025-04-17,29980,29980,29980,29980,0,29203.005859375
2025-04-18,29980,29980,29980,29980,0,29203.005859375
2025-04-21,29980,29600,29600,29600,3991,28832.853515625
2025-04-22,29600,29980,29600,29900,22336,29125.078125
2025-04-23,29900,30500,29600,30500,16606,29709.52734375
2025-04-24,30500,30400,30000,30100,10169,29319.89453125
2025-04-25,30100,30100,30020,30100,4899,29462.802734375
2025-04-28,30100,30400,30000,30000,14086,29364.919921875
2025-04-29,30000,30560,29800,30560,20237,29913.0625
2025-04-30,30560,30900,30200,30900,31970,30245.8671875
2025-05-01,30900,30900,30900,30900,0,30245.8671875
2025-05-02,30900,30900,30700,30800,9783,30147.984375
2025-05-05,30800,31000,30800,30800,8839,30147.984375
2025-05-06,30560,30900,30200,30900,31970,30245.8671875
2025-05-07,30600,31000,30760,31000,19292,30343.75
2025-05-08,31000,31800,31200,31800,33492,31126.814453125
2025-05-09,31800,32400,31800,32000,13861,31322.58203125
2025-05-12,32000,31500,32500,32000,33800,31322.58203125
2025-05-13,32000,32000,32500,32500,20543,31811.994140625
2025-05-14,32500,32500,33000,32560,13062,31870.728515625
2025-05-15,32560,32500,32000,32380,7754,31694.537109375
2025-05-16,32380,32700,32140,32160,5398,31479.1953125
2025-05-19,32160,32600,32200,32600,7368,31909.87890625
2025-05-20,32600,32900,32260,32260,8188,31577.078125
2025-05-21,32260,32900,32260,32800,9666,32105.64453125
2025-05-22,32800,32760,31800,32700,14531,32007.76171875
2025-05-23,32700,33000,32680,33000,13399,32301.4140625
2025-05-26,33000,32700,32500,32700,7249,32007.76171875
2025-05-27,32700,32880,32600,32880,8793,32328.291015625
2025-05-28,32880,32500,32480,32480,8672,31935.00390625
2025-05-29,32480,32520,31900,31900,6495,31364.736328125
2025-05-30,31900,32600,31800,32600,10564,32052.990234375
2025-06-02,,,,,,
2025-06-03,32600,32740,32400,32740,3424,32190.642578125
2025-06-04,32740,32700,32500,32500,3657,31954.666015625
2025-06-05,32500,32500,32200,32500,4073,31954.666015625
2025-06-06,32500,32780,32080,32780,14656,32229.970703125
2025-06-09,32780,32980,32500,32500,3862,31954.666015625
2025-06-10,32500,32680,32000,32000,11292,31463.056640625
2025-06-11,32000,32600,32180,32580,6631,32033.32421875
2025-06-12,32580,32700,32500,32500,5609,31954.666015625
2025-06-13,32500,32500,31960,32200,7767,31659.701171875
2025-06-16,32200,32360,31820,32320,9813,31777.6875
2025-06-17,32320,32040,31820,32000,24397,31463.056640625
2025-06-18,32000,32000,31840,32000,6093,31463.056640625
2025-06-19,32000,32400,31900,31960,9513,31423.728515625
2025-06-20,31960,32400,32380,32380,3639,31836.681640625
2025-06-23,,,,,,
2025-06-24,32380,32400,32040,32400,12618,31856.34375
2025-06-25,32400,32400,32000,32000,11092,31463.056640625
2025-06-26,32000,32100,31980,31980,7503,31443.39453125
2025-06-27,31980,32000,31980,32000,2613,31463.056640625
2025-06-30,32000,32000,32000,32000,0,31463.056640625
2025-07-01,32000,31900,31720,31880,15326,31345.0703125
2025-07-02,31880,32260,31800,31800,22399,31266.4140625
2025-07-03,31800,32260,31700,32000,108215,31463.056640625
2025-07-04,32000,32260,32000,32000,12151,31463.056640625
2025-07-07,32000,32240,31820,32000,25715,31463.056640625
2025-07-08,32000,32000,32000,32000,5185,31463.056640625
2025-07-09,32000,32200,32000,32000,5133,31463.056640625
2025-07-10,32000,32220,31700,31700,16240,31168.091796875
2025-07-11,31700,32200,32000,32200,13701,31659.701171875
2025-07-14,32200,32200,32200,32200,961,31659.701171875
2025-07-15,32200,32200,31780,32200,17089,31659.701171875
2025-07-16,32200,32100,32100,32100,3045,31561.37890625
2025-07-17,32100,32200,32020,32020,7622,31482.720703125
2025-07-18,32020,32200,32000,32140,21314,31600.708984375
2025-07-21,32140,32140,31840,31840,8670,31305.7421875
2025-07-22,31840,32300,31920,32300,13477,31758.025390625
2025-07-23,32300,32380,32000,32000,7539,31463.056640625
2025-07-24,32000,32300,32280,32280,2076,31738.357421875
2025-07-25,32280,32400,32000,32340,5475,31797.353515625
2025-07-28,32340,32480,32000,32480,20349,32079.828125
2025-07-29,32480,32340,32000,32280,6383,31882.291015625
2025-07-30,32280,32340,32140,32160,4206,31763.771484375
2025-07-31,32160,32320,32000,32300,6695,31902.046875
2025-08-01,32300,32000,31820,31900,19187,31506.974609375
2025-08-04,31900,31900,31900,31900,0,31506.974609375
2025-08-05,31780,32200,31840,32200,10184,31803.27734375
2025-08-06,32200,32000,32000,32000,3102,31605.7421875
2025-08-07,32000,32000,32000,32000,0,31605.7421875
2025-08-08,32000,32300,32000,32300,13592,31902.046875
2025-08-11,32300,32700,32340,32700,113,32297.1171875
2025-08-12,32700,32700,33080,33040,48724,32632.927734375
2025-08-13,33040,33200,33700,33700,35686,33284.796875
2025-08-14,33700,34100,33680,34100,31500,33679.8671875
2025-08-15,34100,34100,33800,34060,10149,33640.359375
2025-08-18,,,,,,
2025-08-19,34060,35980,34080,35000,29669,34568.77734375
2025-08-20,35000,35200,34980,35000,27463,34568.77734375
2025-08-21,35000,35600,35020,35600,37695,35161.38671875
2025-08-22,35600,35600,35000,35580,12548,35141.6328125
2025-08-25,35580,35580,35000,35000,11973,34568.77734375
2025-08-26,35000,35680,34500,35680,11982,35388.01953125
2025-08-27,35680,35760,35500,35500,6391,35209.4921875
2025-08-28,35500,35400,35000,35000,18144,34713.5859375
2025-08-29,35000,35400,35000,35120,10023,34832.6015625
2025-09-01,35120,35300,35000,35300,6340,35011.12890625
2025-09-02,35300,35300,35300,35300,0,35011.12890625
2025-09-03,34800,35000,34640,35000,4150,34713.5859375
2025-09-04,35000,35000,35000,35000,1104,34713.5859375
2025-09-05,35000,35000,34800,35000,2790,34713.5859375
2025-09-08,35000,35000,34760,34760,5913,34475.55078125
2025-09-09,34760,34980,34500,34960,7263,34673.9140625
2025-09-10,34960,34900,34400,34900,11926,34614.40234375
2025-09-11,34900,34720,34500,34700,5877,34416.0390625
2025-09-12,34700,34700,34700,34700,1024,34416.0390625
2025-09-15,34700,34980,34700,34980,5104,34693.75
2025-09-16,34980,34800,34800,34800,2947,34515.22265625
2025-09-17,34800,35800,35000,35300,20697,35011.12890625
2025-09-18,35300,35140,35000,35000,60684,34713.5859375
2025-09-19,35000,35560,32500,32500,169212,32234.04296875
2025-09-22,32500,34180,33620,33820,42591,33543.2421875
2025-09-23,33820,34300,33980,34000,14165,33721.765625
2025-09-24,34000,34360,33900,34320,28895,34039.1484375
2025-09-25,34320,34320,34000,34180,6704,34045.12890625
2025-09-26,34180,34080,34000,34080,3835,33945.5234375
2025-09-29,34080,34280,34000,34280,2800,34144.734375
2025-09-30,35120,35300,35000,35300,6340,35160.70703125
2025-10-01,34520,34520,34520,34520,21435,34383.78515625
2025-10-02,34520,34700,34380,34520,13810,34383.78515625
2025-10-03,34520,34540,34500,34540,9973,34403.70703125
2025-10-06,34540,34600,34540,34600,10546,34463.46875
2025-10-07,34600,34600,34600,34600,4274,34463.46875
2025-10-08,34600,34860,34520,34520,10698,34383.78515625
2025-10-09,34520,35200,34560,35000,50194,34861.890625
2025-10-10,35000,35400,34880,35000,12287,34861.890625
2025-10-13,,,,,,
2025-10-14,35000,35300,35000,35300,4116,35160.70703125
2025-10-15,35300,35460,35100,35380,13332,35240.390625
2025-10-16,35380,36100,35520,36100,50375,35957.55078125
2025-10-17,36100,36140,35740,36140,3346,35997.39453125
2025-10-20,36140,36060,35500,36060,11932,35917.7109375
2025-10-21,36060,36100,35520,36060,8243,35917.7109375
2025-10-22,36060,36060,35600,36000,8116,35857.9453125
2025-10-23,36000,36440,36000,36100,52967,35957.55078125
2025-10-24,36100,36440,36100,36120,23246,35977.47265625
2025-10-27,36120,38000,36440,37000,28967,36854
